{
  "initialization_time_planning": 0.15499520301818848,
  "execution_time_planning": 44.1766254901886,
  "total_time": 44.33162069320679
}