{
  "initialization_time_planning": 0.14977097511291504,
  "execution_time_planning": 49.016398429870605,
  "total_time": 49.16616940498352
}