{
  "initialization_time_control": 0.1364142894744873,
  "execution_time_control": 99.57052969932556,
  "total_time": 99.70694398880005
}