{
  "initialization_time_control": 0.1350100040435791,
  "execution_time_control": 147.47299146652222,
  "total_time": 147.6080014705658
}