{
  "initialization_time_control": 0.13469409942626953,
  "execution_time_control": 69.27800750732422,
  "total_time": 69.41270160675049
}