{
  "initialization_time_control": 0.4403078556060791,
  "execution_time_control": 54.71733617782593,
  "total_time": 55.15764403343201
}