{
  "initialization_time_control": 0.1356816291809082,
  "execution_time_control": 73.54533433914185,
  "total_time": 73.68101596832275
}