{
  "initialization_time_control": 0.13546252250671387,
  "execution_time_control": 465.74590945243835,
  "total_time": 465.88137197494507
}