{
  "initialization_time_control": 0.13575077056884766,
  "execution_time_control": 240.3930504322052,
  "total_time": 240.52880120277405
}