{
  "initialization_time_control": 0.1341092586517334,
  "execution_time_control": 250.7087321281433,
  "total_time": 250.84284138679504
}