{
  "initialization_time_control": 0.135084867477417,
  "execution_time_control": 205.28838348388672,
  "total_time": 205.42346835136414
}