{
  "initialization_time_control": 0.13479375839233398,
  "execution_time_control": 78.81259775161743,
  "total_time": 78.94739151000977
}