{
  "initialization_time_control": 0.13469862937927246,
  "execution_time_control": 215.63486289978027,
  "total_time": 215.76956152915955
}