{
  "initialization_time_control": 0.13471674919128418,
  "execution_time_control": 78.36771035194397,
  "total_time": 78.50242710113525
}