{
  "initialization_time_control": 0.13429641723632812,
  "execution_time_control": 67.39053344726562,
  "total_time": 67.52482986450195
}