{
  "initialization_time_control": 0.13349533081054688,
  "execution_time_control": 102.72012495994568,
  "total_time": 102.85362029075623
}