{
  "initialization_time_control": 0.5550622940063477,
  "execution_time_control": 177.06093978881836,
  "total_time": 177.6160020828247
}