{
  "initialization_time_control": 0.1381387710571289,
  "execution_time_control": 141.86999917030334,
  "total_time": 142.00813794136047
}