{
  "initialization_time_control": 0.13490605354309082,
  "execution_time_control": 350.541380405426,
  "total_time": 350.6762864589691
}