{
  "initialization_time_control": 0.135056734085083,
  "execution_time_control": 484.85170435905457,
  "total_time": 484.98676109313965
}