{
  "initialization_time_control": 0.13396906852722168,
  "execution_time_control": 105.04261040687561,
  "total_time": 105.17657947540283
}