{
  "initialization_time_control": 0.1343395709991455,
  "execution_time_control": 83.57341742515564,
  "total_time": 83.70775699615479
}