{
  "initialization_time_control": 0.0951075553894043,
  "execution_time_control": 152.1421504020691,
  "total_time": 152.2372579574585
}