{
  "initialization_time_control": 0.13409662246704102,
  "execution_time_control": 140.70983409881592,
  "total_time": 140.84393072128296
}