{
  "initialization_time_control": 0.13380146026611328,
  "execution_time_control": 404.35834193229675,
  "total_time": 404.49214339256287
}