{
  "initialization_time_control": 0.13512063026428223,
  "execution_time_control": 341.520450592041,
  "total_time": 341.6555712223053
}