{
  "initialization_time_control": 0.13437104225158691,
  "execution_time_control": 252.67645120620728,
  "total_time": 252.81082224845886
}