{
  "initialization_time_planning": 0.16070961952209473,
  "execution_time_planning": 46.06435942649841,
  "total_time": 46.22506904602051
}