{
  "initialization_time_planning": 0.15229511260986328,
  "execution_time_planning": 47.18663239479065,
  "total_time": 47.33892750740051
}