{
  "initialization_time_control": 0.13669157028198242,
  "execution_time_control": 203.89414024353027,
  "total_time": 204.03083181381226
}