{
  "initialization_time_control": 0.13460397720336914,
  "execution_time_control": 162.75435590744019,
  "total_time": 162.88895988464355
}