{
  "initialization_time_control": 0.13454198837280273,
  "execution_time_control": 87.2903163433075,
  "total_time": 87.4248583316803
}