{
  "initialization_time_control": 0.1338179111480713,
  "execution_time_control": 345.3597877025604,
  "total_time": 345.4936056137085
}