{
  "initialization_time_planning": 0.15300631523132324,
  "execution_time_planning": 58.92770457267761,
  "total_time": 59.080710887908936
}