{
  "initialization_time_control": 0.13697338104248047,
  "execution_time_control": 273.5568199157715,
  "total_time": 273.69379329681396
}