{
  "initialization_time_control": 0.09855794906616211,
  "execution_time_control": 367.269011259079,
  "total_time": 367.36756920814514
}