{
  "initialization_time_control": 0.13623619079589844,
  "execution_time_control": 419.8316226005554,
  "total_time": 419.9678587913513
}