{
  "initialization_time_control": 0.09758949279785156,
  "execution_time_control": 59.25272989273071,
  "total_time": 59.350319385528564
}