{
  "initialization_time_control": 0.13528203964233398,
  "execution_time_control": 135.48845028877258,
  "total_time": 135.62373232841492
}