{
  "initialization_time_planning": 0.1544797420501709,
  "execution_time_planning": 46.35424304008484,
  "total_time": 46.50872278213501
}