{
  "initialization_time_control": 0.1402602195739746,
  "execution_time_control": 163.244948387146,
  "total_time": 163.38520860671997
}