{
  "initialization_time_control": 0.13417816162109375,
  "execution_time_control": 85.76139950752258,
  "total_time": 85.89557766914368
}