{
  "initialization_time_control": 0.5857861042022705,
  "execution_time_control": 83.33332967758179,
  "total_time": 83.91911578178406
}