{
  "initialization_time_control": 0.13712668418884277,
  "execution_time_control": 493.26488971710205,
  "total_time": 493.4020164012909
}