{
  "initialization_time_control": 0.13744688034057617,
  "execution_time_control": 122.5257077217102,
  "total_time": 122.66315460205078
}