{
  "initialization_time_control": 0.10489296913146973,
  "execution_time_control": 380.072074174881,
  "total_time": 380.17696714401245
}