{
  "initialization_time_planning": 0.10890936851501465,
  "execution_time_planning": 52.17129325866699,
  "total_time": 52.28020262718201
}